{
  "overall": {
    "accuracy": 0.7097777777777777,
    "precision": 0.7954513743546812,
    "recall": 0.7601333333333333,
    "f1": 0.7773914229222063,
    "roc_auc": 0.7312172222222222
  },
  "per_source": {
    "Real": {
      "accuracy": 0.6090666666666666,
      "precision": 0.0,
      "recall": 0.0,
      "f1": 0.0,
      "roc_auc": NaN
    },
    "SD3": {
      "accuracy": 0.746,
      "precision": 1.0,
      "recall": 0.746,
      "f1": 0.854524627720504,
      "roc_auc": NaN
    },
    "DALLE3": {
      "accuracy": 0.7742666666666667,
      "precision": 1.0,
      "recall": 0.7742666666666667,
      "f1": 0.8727737281130232,
      "roc_auc": NaN
    }
  }
}